image_path,label
data/raw/healthy/13984949252_b23f0816b6_o.jpg,healthy
data/raw/bleached/11531111734_db61a343f5_o.jpg,bleached
data/raw/bleached/7755589630_4b268c72ac_o.jpg,bleached
data/raw/healthy/43073319610_545ccba15b_b.jpg,healthy
data/raw/healthy/37391917484_2974d97d44_b.jpg,healthy
data/raw/healthy/29867276807_60bb16bcf0_o.jpg,healthy
data/raw/bleached/10415679866_6eea4769f6_o.jpg,bleached
data/raw/bleached/4767496646_ef80bd09d9_o.jpg,bleached
data/raw/bleached/28941304766_a46e7d8b58_o.jpg,bleached
data/raw/bleached/28956833752_f90f134248_b.jpg,bleached
data/raw/healthy/8727971592_8cac437e71_b.jpg,healthy
data/raw/bleached/14817358081_24c76fd71c_o.jpg,bleached
data/raw/healthy/385106222_dbfae0c638_o.jpg,healthy
data/raw/bleached/10160888014_be7c71167c_o.jpg,bleached
data/raw/bleached/6722541539_ca279c70dd_o.jpg,bleached
data/raw/healthy/16281349881_9dc9651ca9_b.jpg,healthy
data/raw/healthy/15076860645_b421e2fbe4_o.jpg,healthy
data/raw/bleached/9211027651_d366cd346b_o.jpg,bleached
data/raw/healthy/3618532552_c355cbc853_b.jpg,healthy
data/raw/bleached/3406482805_1ec07bfa93_o.jpg,bleached
data/raw/bleached/28897344361_d82aa3e05d_o.jpg,bleached
data/raw/healthy/37564920810_6ecd16a608_b.jpg,healthy
data/raw/healthy/27255427184_bd1c03fbd8_b.jpg,healthy
data/raw/healthy/4293664201_112d4c26ea_o.jpg,healthy
data/raw/bleached/52850603_e908a7bcc9_o.jpg,bleached
data/raw/healthy/4312533708_bd97b59cbe_o.jpg,healthy
data/raw/healthy/39826517352_cd031d0296_o.jpg,healthy
data/raw/healthy/26796189236_250afb2ae6_o.jpg,healthy
data/raw/healthy/17086705870_d07b2a335f_b.jpg,healthy
data/raw/bleached/23061419232_119aee925e_o.jpg,bleached
data/raw/bleached/7326685866_a069c89210_o.jpg,bleached
data/raw/bleached/14633934787_b2a1e4e803_o.jpg,bleached
data/raw/bleached/33588528200_d7d7a82ba1_o.jpg,bleached
data/raw/bleached/14784774402_7f26bbaefe_o.jpg,bleached
data/raw/healthy/4293664935_3c015f2c4c_o.jpg,healthy
data/raw/bleached/8467854527_e770edea2d_o.jpg,bleached
data/raw/bleached/14789934140_05e3f10c35_b.jpg,bleached
data/raw/bleached/14101776356_d4d9038de3_b.jpg,bleached
data/raw/bleached/3472165923_6ffb91faef_o.jpg,bleached
data/raw/healthy/19880923365_a155d65d2a_o.jpg,healthy
data/raw/healthy/26011989544_12850cc2de_o.jpg,healthy
data/raw/bleached/14790008018_d86c4b523a_b.jpg,bleached
data/raw/bleached/4559840851_d9c7ac357c_o.jpg,bleached
data/raw/bleached/29556280303_0b2b703191_b.jpg,bleached
data/raw/healthy/6040359467_2e65fdf1ac_o.jpg,healthy
data/raw/bleached/14789930179_88c415837f_b.jpg,bleached
data/raw/bleached/27957509801_f1a062f256_o.jpg,bleached
data/raw/healthy/3036697229_abcceb7f60_o.jpg,healthy
data/raw/healthy/39632438935_2f1a798267_b.jpg,healthy
data/raw/bleached/5095123502_96243e475c_o.jpg,bleached
data/raw/healthy/28733386921_7185a0ce26_b.jpg,healthy
data/raw/bleached/15274984347_1834e7dab9_o.jpg,bleached
data/raw/healthy/5280498809_2a79ef7674_o.jpg,healthy
data/raw/healthy/2171646290_99cf9c0913_b.jpg,healthy
data/raw/bleached/7660571558_cb14bee7a5_o.jpg,bleached
data/raw/healthy/2171646346_3ddc5d01a8_b.jpg,healthy
data/raw/healthy/9329987653_139d9fa0af_o.jpg,healthy
data/raw/bleached/4559842495_036f8eb5a2_o.jpg,bleached
data/raw/healthy/17053769227_fe8a89433a_b.jpg,healthy
data/raw/bleached/4956663075_0770bf5b87_o.jpg,bleached
data/raw/bleached/5199635092_e2354a3dc0_o.jpg,bleached
data/raw/bleached/45615732222_d695fd3096_o.jpg,bleached
data/raw/bleached/21094488989_904cea3a3b_o.jpg,bleached
data/raw/bleached/33932374186_c3f0eeb381_o.jpg,bleached
data/raw/bleached/9399125405_a3672a192f_o.jpg,bleached
data/raw/healthy/6392167329_484ab2cfa4_o.jpg,healthy
data/raw/bleached/4957308250_5111ff6578_o.jpg,bleached
data/raw/bleached/3026218663_aafea2df30_o.jpg,bleached
data/raw/healthy/26152550073_2e5e4b9275_b.jpg,healthy
data/raw/bleached/20796863252_04399035fb_o.jpg,bleached
data/raw/bleached/5101311705_3e5526d521_o.jpg,bleached
data/raw/healthy/8127016951_d15419e3c8_o.jpg,healthy
data/raw/healthy/2421245119_e93e061d74_b.jpg,healthy
data/raw/healthy/13303462573_a101a071be_b.jpg,healthy
data/raw/healthy/24056773005_70743784b6_o.jpg,healthy
data/raw/healthy/6398197229_afab7194b7_o.jpg,healthy
data/raw/bleached/19929371285_3a8a65ef21_b.jpg,bleached
data/raw/bleached/27304994093_ea6064e76e_o.jpg,bleached
data/raw/bleached/4767456872_e9c7a580b9_o.jpg,bleached
data/raw/bleached/40303084995_7a76700b29_o.jpg,bleached
data/raw/bleached/8727216555_4686cec662_o.jpg,bleached
data/raw/bleached/4755197878_ff72a215cc_o.jpg,bleached
data/raw/healthy/27490998752_20fca54cf1_b.jpg,healthy
data/raw/healthy/9511909153_ea27e2ec63_o.jpg,healthy
data/raw/healthy/6392772527_0b5fff1059_o.jpg,healthy
data/raw/healthy/6416594393_75240b319f_o.jpg,healthy
data/raw/bleached/14340805801_5feec9690f_o.jpg,bleached
data/raw/healthy/2374316888_c6de9b2138_o.jpg,healthy
data/raw/bleached/8676908467_a3f5de6ba5_o.jpg,bleached
data/raw/bleached/14789911019_1ec52ae807_b.jpg,bleached
data/raw/healthy/5610577701_8b3e34b4e1_o.jpg,healthy
data/raw/bleached/5865866366_c2bae5d7e0_o.jpg,bleached
data/raw/healthy/26393704790_c28f7d0ea5_o.jpg,healthy
data/raw/healthy/8038946571_2852135e14_b.jpg,healthy
data/raw/healthy/5438478599_55ff088cb7_o.jpg,healthy
data/raw/healthy/10479719064_929fa60800_o.jpg,healthy
data/raw/bleached/5581342742_e661bbcc5a_o.jpg,bleached
data/raw/bleached/9214016858_d7e7930601_o.jpg,bleached
data/raw/healthy/7314117898_60fa18fa43_b.jpg,healthy
data/raw/bleached/14633816529_af934e0aa8_o.jpg,bleached
data/raw/bleached/4559830591_3953693f05_o.jpg,bleached
data/raw/bleached/15664466994_c2ac518442_o.jpg,bleached
data/raw/healthy/24341875049_3cc7febf0f_o.jpg,healthy
data/raw/healthy/44803677751_f984c0e2a3_o.jpg,healthy
data/raw/healthy/39209971264_6a1b377511_b.jpg,healthy
data/raw/healthy/13988162295_c08e9d6675_o.jpg,healthy
data/raw/healthy/3927261110_ee236bde50_b.jpg,healthy
data/raw/healthy/6824377678_58621c4f7b_o.jpg,healthy
data/raw/bleached/28687855020_932104291a_o.jpg,bleached
data/raw/healthy/26367556228_341a4d40dc_o.jpg,healthy
data/raw/healthy/9329943057_39a3c3977f_o.jpg,healthy
data/raw/bleached/15135317505_c4d2038feb_o.jpg,bleached
data/raw/bleached/9670495054_392fa34907_o.jpg,bleached
data/raw/healthy/23502324115_e23457356b_b.jpg,healthy
data/raw/healthy/9540282147_2006ddfd43_b.jpg,healthy
data/raw/healthy/15630580403_d03ba4726b_b.jpg,healthy
data/raw/bleached/1558786009_097a857b64_b.jpg,bleached
data/raw/healthy/33812437684_38ecc57d2f_o.jpg,healthy
data/raw/healthy/12969214845_56a70bcec4_b.jpg,healthy
data/raw/healthy/33812442424_d050b8146e_o.jpg,healthy
data/raw/bleached/27929721702_c82f6fb1dc_o.jpg,bleached
data/raw/bleached/7634353180_ec521079cd_o.jpg,bleached
data/raw/bleached/5318916908_9b56002abb_o.jpg,bleached
data/raw/bleached/41515501590_708fd3cb35_b.jpg,bleached
data/raw/healthy/9944219035_5c47b13e8f_o.jpg,healthy
data/raw/healthy/11127107015_fee1d4a2ab_b.jpg,healthy
data/raw/healthy/9091340085_044a64fe22_o.jpg,healthy
data/raw/bleached/28221231796_edf3c0ec4f_o.jpg,bleached
data/raw/healthy/41019416742_f231d0b5c9_b.jpg,healthy
data/raw/healthy/6416177627_3fdcee9624_o.jpg,healthy
data/raw/healthy/38375188482_3c96d8dda9_o.jpg,healthy
data/raw/healthy/44044291864_7c29c019d3_b.jpg,healthy
data/raw/bleached/4964276472_37e15e68b1_o.jpg,bleached
data/raw/bleached/7133436125_83ecba3a00_o.jpg,bleached
data/raw/healthy/23075042665_aa8520ec86_o.jpg,healthy
data/raw/healthy/9709957059_bd6a0f93ca_o.jpg,healthy
data/raw/healthy/3884349622_94e151090e_o.jpg,healthy
data/raw/bleached/35132798483_7e582db6e5_o.jpg,bleached
data/raw/bleached/34287211626_e7dbae7152_o.jpg,bleached
data/raw/healthy/27627673012_7a63b12bc9_o.jpg,healthy
data/raw/healthy/7171233627_0e5af81a21_b.jpg,healthy
data/raw/bleached/27933177042_dfc1a3ec28_o.jpg,bleached
data/raw/bleached/8467855469_1f437654b7_o.jpg,bleached
data/raw/bleached/15664476254_0e5bfa79c0_o.jpg,bleached
data/raw/healthy/7997825012_165e83bde4_o.jpg,healthy
data/raw/healthy/13117980675_d7ec7ab75d_o.jpg,healthy
data/raw/healthy/36266669900_10dac21f27_o.jpg,healthy
data/raw/bleached/10033870215_3664757d59_o.jpg,bleached
data/raw/healthy/4830272208_b80b2f95de_o.jpg,healthy
data/raw/bleached/36342358084_697e3e7748_o.jpg,bleached
data/raw/healthy/351293241_cdb1f7f38f_b.jpg,healthy
data/raw/healthy/14318242634_fce485d3fc_b.jpg,healthy
data/raw/bleached/16260961466_35d838b134_o.jpg,bleached
data/raw/bleached/14948757477_ec668ebe8d_o.jpg,bleached
data/raw/healthy/5627678188_0b41de73e4_b.jpg,healthy
data/raw/healthy/37634336620_fc84bb2dda_b.jpg,healthy
data/raw/bleached/14820105082_7e7c9eeae3_o.jpg,bleached
data/raw/bleached/18202562962_3aaed30f4c_o.jpg,bleached
data/raw/bleached/25382194631_baca94f8a8_o.jpg,bleached
data/raw/healthy/2067197055_7129349757_o.jpg,healthy
data/raw/healthy/25274385023_1b8a231d5d_o.jpg,healthy
data/raw/healthy/8046848389_b41fa65b94_b.jpg,healthy
data/raw/healthy/4843892336_9b9b02d591_b.jpg,healthy
data/raw/healthy/41837913181_93ac2bcc6f_b.jpg,healthy
data/raw/bleached/27506264306_43bc326780_o.jpg,bleached
data/raw/healthy/4235508563_241388824d_o.jpg,healthy
data/raw/bleached/7722030932_048e6f76d1_b.jpg,bleached
data/raw/healthy/4294405692_4e18a07a57_o.jpg,healthy
data/raw/healthy/46237746095_37b6513496_b.jpg,healthy
data/raw/bleached/27627673012_7a63b12bc9_o.jpg,bleached
data/raw/bleached/15787146418_6373cf1a48_o.jpg,bleached
data/raw/bleached/27422054193_85151265dc_o.jpg,bleached
data/raw/healthy/40287258061_f338161d6e_o.jpg,healthy
data/raw/bleached/23296007370_095bb322d1_b.jpg,bleached
data/raw/bleached/9408998752_c88cbb2388_o.jpg,bleached
data/raw/healthy/23429997743_cc192b21e1_o.jpg,healthy
data/raw/bleached/4892454919_a0e8181a43_b.jpg,bleached
data/raw/bleached/33675816731_6b098be616_o.jpg,bleached
data/raw/bleached/18018559720_f2f0944cf4_o.jpg,bleached
data/raw/bleached/8728216016_7196b0bb2b_o.jpg,bleached
data/raw/healthy/5739952458_2f2ac24793_b.jpg,healthy
data/raw/bleached/4937746018_e3163e5279_o.jpg,bleached
data/raw/healthy/9441941228_88f378a97c_o.jpg,healthy
data/raw/healthy/3524507709_bac8fccaac_b.jpg,healthy
data/raw/bleached/16045766992_ffecf39d86_o.jpg,bleached
data/raw/bleached/23153468189_c2eddee896_o.jpg,bleached
data/raw/bleached/434365969_3d0c9c9647_o.jpg,bleached
data/raw/healthy/29867277417_7c9b0daa47_o.jpg,healthy
data/raw/bleached/28687807580_311222a4bb_o.jpg,bleached
data/raw/healthy/6152696118_8ff1861877_b.jpg,healthy
data/raw/healthy/16841190725_981544322c_b.jpg,healthy
data/raw/bleached/33588714670_c71643e0f7_o.jpg,bleached
data/raw/healthy/16653573118_0174589d8f_b.jpg,healthy
data/raw/bleached/5398027844_8bc0ca47b0_o.jpg,bleached
data/raw/bleached/392871468_82f033b05d_o.jpg,bleached
data/raw/healthy/6322630145_57c69d8e1a_b.jpg,healthy
data/raw/bleached/29198832082_c15b4458bf_o.jpg,bleached
data/raw/bleached/14790000358_faf8b984df_b.jpg,bleached
data/raw/bleached/6087054999_59b648535d_o.jpg,bleached
data/raw/healthy/5852430779_3ac2e828c2_o.jpg,healthy
data/raw/bleached/36342352044_4d23dea00d_o.jpg,bleached
data/raw/healthy/41361472770_73046a8f47_b.jpg,healthy
data/raw/bleached/14817411731_e5c8265c33_o.jpg,bleached
data/raw/healthy/23086238271_17b0c935c6_o.jpg,healthy
data/raw/healthy/9332754818_8a3a455964_o.jpg,healthy
data/raw/bleached/6832379570_3fd4e2757e_o.jpg,bleached
data/raw/healthy/6685266501_befd5073d7_o.jpg,healthy
data/raw/bleached/33973134195_bf94042012_o.jpg,bleached
data/raw/healthy/37883841756_439b83d14c_b.jpg,healthy
data/raw/bleached/33129932334_7355a3ec15_o.jpg,bleached
data/raw/healthy/22682754679_7095240f2f_o.jpg,healthy
data/raw/healthy/11246578233_7ed3c3ac60_b.jpg,healthy
data/raw/healthy/43849269332_f8d6aa38f7_o.jpg,healthy
data/raw/healthy/2828810220_c511bb0783_b.jpg,healthy
data/raw/bleached/45694269012_d3a7b5691a_o.jpg,bleached
data/raw/healthy/25228975637_a66c69f686_b.jpg,healthy
data/raw/bleached/14343383014_c661e512ee_o.jpg,bleached
data/raw/bleached/28868773752_53292dc538_o.jpg,bleached
data/raw/bleached/15598304567_45c1721b6c_o.jpg,bleached
data/raw/bleached/5160419996_ff4ba8452c_o.jpg,bleached
data/raw/healthy/38662947541_c1f92f20e3_o.jpg,healthy
data/raw/bleached/28687860430_e8f3f57eba_o.jpg,bleached
data/raw/bleached/4820197456_762199166b_o.jpg,bleached
data/raw/healthy/12447280983_8f222ea0ec_b.jpg,healthy
data/raw/bleached/5815350035_8f2f1f2511_o.jpg,bleached
data/raw/bleached/33129988644_44857759e2_o.jpg,bleached
data/raw/bleached/21386098942_2b4386041b_o.jpg,bleached
data/raw/bleached/33931923806_ec6d84123c_o.jpg,bleached
data/raw/bleached/31493615942_5e69542276_b.jpg,bleached
data/raw/bleached/21736943286_5abc15a6b5_b.jpg,bleached
data/raw/bleached/14789910259_5cbc54b4eb_b.jpg,bleached
data/raw/healthy/8358200706_9d8b0034d7_b.jpg,healthy
data/raw/bleached/8676905059_ce9b29a335_o.jpg,bleached
data/raw/bleached/14633820588_905c5e850a_o.jpg,bleached
data/raw/bleached/4636282459_131e244ea1_o.jpg,bleached
data/raw/healthy/7152050767_96506223da_b.jpg,healthy
data/raw/bleached/37826086115_ab76cc3904_o.jpg,bleached
data/raw/healthy/5015048052_609d44ca9c_o.jpg,healthy
data/raw/healthy/33014785505_8113a97075_o.jpg,healthy
data/raw/healthy/15205726294_9e94c07367_o.jpg,healthy
data/raw/healthy/42494890501_97b79fe2e9_b.jpg,healthy
data/raw/bleached/33588620700_f8c4112f9b_o.jpg,bleached
data/raw/bleached/876246000_b90c98b818_o.jpg,bleached
data/raw/healthy/20169787116_0760572869_b.jpg,healthy
data/raw/bleached/22964660953_2eef577c58_b.jpg,bleached
data/raw/healthy/10829442286_2f4c92499a_o.jpg,healthy
data/raw/bleached/8727059131_e260ae0f2d_o.jpg,bleached
data/raw/bleached/3866725705_7317bcf9ac_b.jpg,bleached
data/raw/bleached/5580755283_5c6a5bcb68_o.jpg,bleached
data/raw/healthy/39150889115_95ba1652b3_b.jpg,healthy
data/raw/bleached/7173611516_66280e1fda_o.jpg,bleached
data/raw/bleached/14157532279_3e38313638_o.jpg,bleached
data/raw/healthy/20260886321_565b135745_o.jpg,healthy
data/raw/healthy/16471779011_73c0556a27_b.jpg,healthy
data/raw/healthy/7344648314_ebdcbf0331_b.jpg,healthy
data/raw/healthy/5737954148_cf4e6fa0c0_o.jpg,healthy
data/raw/healthy/40385622723_a83740e323_o.jpg,healthy
data/raw/healthy/19879911213_a1dde029c3_o.jpg,healthy
data/raw/healthy/2361452424_8307b3af8a_b.jpg,healthy
data/raw/healthy/5644688923_b4c508b52d_o.jpg,healthy
data/raw/bleached/8677946826_be2f953cb0_o.jpg,bleached
data/raw/bleached/5101310001_7885a205a5_o.jpg,bleached
data/raw/bleached/28050650485_0d07fd8dc5_o.jpg,bleached
data/raw/healthy/6146958411_e1ee6280f0_b.jpg,healthy
data/raw/bleached/9210965509_def9fcdaa9_o.jpg,bleached
data/raw/bleached/20660206283_09a9cf8136_o.jpg,bleached
data/raw/bleached/14817388631_ab56ca8a1a_o.jpg,bleached
data/raw/bleached/14633837869_10399f720b_o.jpg,bleached
data/raw/bleached/19256646336_b78ce3d64f_o.jpg,bleached
data/raw/bleached/36342347314_e968e21644_o.jpg,bleached
data/raw/healthy/11145406535_6de10d01b8_b.jpg,healthy
data/raw/bleached/8517429_68924ed843_o.jpg,bleached
data/raw/healthy/38362661586_2953f083a3_o.jpg,healthy
data/raw/bleached/3984842231_0539370dac_o.jpg,bleached
data/raw/bleached/4893050872_1c5fe56f69_b.jpg,bleached
data/raw/bleached/5397429239_2dafa7fe13_o.jpg,bleached
data/raw/healthy/9262043943_73e2ed93a9_o.jpg,healthy
data/raw/healthy/22452237124_d8c33b3a18_o.jpg,healthy
data/raw/bleached/14606573298_b7e4b33c51_o.jpg,bleached
data/raw/healthy/30252502637_3e066a8790_b.jpg,healthy
data/raw/healthy/5521000612_e98e5aa6f8_o.jpg,healthy
data/raw/bleached/6392167385_f94ecdf733_o.jpg,bleached
data/raw/bleached/15274978947_0b3901fffc_o.jpg,bleached
data/raw/bleached/36027918170_a8e86d6c0c_o.jpg,bleached
data/raw/healthy/38498617791_03094be472_b.jpg,healthy
data/raw/bleached/5397442845_dd935c60f6_o.jpg,bleached
data/raw/bleached/9211129419_2ca182822e_o.jpg,bleached
data/raw/bleached/33977415095_f2b5b1d1ea_b.jpg,bleached
data/raw/bleached/9312549083_7e8afa3e10_o.jpg,bleached
data/raw/healthy/15989070145_fa6bf493a8_b.jpg,healthy
data/raw/bleached/11023816893_9994f554e2_o.jpg,bleached
data/raw/healthy/6416024503_607f856afc_o.jpg,healthy
data/raw/healthy/47192544022_2174e259a1_o.jpg,healthy
data/raw/bleached/36781528600_78527e140c_o.jpg,bleached
data/raw/bleached/381510257_cdec223932_o.jpg,bleached
data/raw/healthy/39182360692_5a9f2ccd82_b.jpg,healthy
data/raw/healthy/43150316981_59f9f193b4_o.jpg,healthy
data/raw/bleached/8580737466_7576e488e7_b.jpg,bleached
data/raw/healthy/5645313974_be896732ac_o.jpg,healthy
data/raw/bleached/14818127674_b7ceea3543_o.jpg,bleached
data/raw/bleached/7722031606_06142cc386_b.jpg,bleached
data/raw/bleached/20618316440_b01f22c7be_o.jpg,bleached
data/raw/bleached/8728339648_d2be03bbc6_o.jpg,bleached
data/raw/bleached/16051547956_12d5b6c365_o.jpg,bleached
data/raw/bleached/8198694405_086ee9d5c0_o.jpg,bleached
data/raw/bleached/14986419582_3585068d13_b.jpg,bleached
data/raw/bleached/32917968176_efd2de3e2d_b.jpg,bleached
data/raw/healthy/6064723340_458d304cc0_o.jpg,healthy
data/raw/bleached/14184579797_9df22c65b8_o.jpg,bleached
data/raw/healthy/9359755544_a953c819c0_o.jpg,healthy
data/raw/bleached/39929886033_26f7679ca1_b.jpg,bleached
data/raw/bleached/29376275703_fc3ea71718_o.jpg,bleached
data/raw/healthy/41827451202_da848ab68c_o.jpg,healthy
data/raw/bleached/29029378166_ef56f1a1a2_b.jpg,bleached
data/raw/bleached/36347843096_b16b5f1119_o.jpg,bleached
data/raw/bleached/14973517671_71981f5a6e_b.jpg,bleached
data/raw/healthy/41488427102_cc887db9ee_b.jpg,healthy
data/raw/healthy/5280534721_288f94bdbd_o.jpg,healthy
data/raw/healthy/41937301232_24eab90187_o.jpg,healthy
data/raw/healthy/8093146682_13ed785e03_b.jpg,healthy
data/raw/healthy/26549013619_7329a98baa_b.jpg,healthy
data/raw/bleached/39484207735_06b8e4e2d8_b.jpg,bleached
data/raw/healthy/16247095909_deb58fc907_b.jpg,healthy
data/raw/healthy/1007788673_ced6bb5451_o.jpg,healthy
data/raw/bleached/4962926941_8fe2833fd7_o.jpg,bleached
data/raw/bleached/5398028208_a29769f449_o.jpg,bleached
data/raw/bleached/14817403701_d6453476ed_o.jpg,bleached
data/raw/bleached/8728196670_204e0338d5_o.jpg,bleached
data/raw/healthy/2828193220_27a0caa8c9_o.jpg,healthy
data/raw/healthy/39716256901_e45e7255c8_o.jpg,healthy
data/raw/bleached/3334983049_7558a518af_o.jpg,bleached
data/raw/bleached/6207874245_8fac147a7e_b.jpg,bleached
data/raw/healthy/26393702680_ef78351224_o.jpg,healthy
data/raw/healthy/14566453643_7b6a2fd10a_b.jpg,healthy
data/raw/bleached/14612614529_f50e06961c_o.jpg,bleached
data/raw/bleached/8728234194_f8a133de23_o.jpg,bleached
data/raw/bleached/14820481395_fb79e2d700_o.jpg,bleached
data/raw/healthy/4312534308_dcd0816fb3_o.jpg,healthy
data/raw/healthy/2306125427_0f0126ee53_b.jpg,healthy
data/raw/healthy/31541043258_ecc9988507_b.jpg,healthy
data/raw/healthy/12337435893_f2f44ea3f1_o.jpg,healthy
data/raw/healthy/9788855913_8ae00c777f_o.jpg,healthy
data/raw/bleached/4771210000_29b4c233b6_o.jpg,bleached
data/raw/healthy/3927259688_f3aba15d93_b.jpg,healthy
data/raw/bleached/15461769512_cb7e5fccfa_o.jpg,bleached
data/raw/healthy/26641775299_53ec3af24a_o.jpg,healthy
data/raw/bleached/4117345237_96cd1dc700_o.jpg,bleached
data/raw/bleached/28451693571_cfbf73acbb_o.jpg,bleached
data/raw/bleached/14913058584_146660dcf6_b.jpg,bleached
data/raw/bleached/6207765253_f0c6cc5162_b.jpg,bleached
data/raw/healthy/29441128048_8b0fd78bb5_b.jpg,healthy
data/raw/bleached/4424086363_af89dc30ea_o.jpg,bleached
data/raw/bleached/29396243653_9510bafb2d_o.jpg,bleached
data/raw/healthy/6198055206_ccc4d335aa_b.jpg,healthy
data/raw/bleached/8051294849_65bacafde8_o.jpg,bleached
data/raw/healthy/38060480122_34ebf5710d_b.jpg,healthy
data/raw/healthy/2695636243_11a6454cec_b.jpg,healthy
data/raw/healthy/36854204063_5dd6519245_b.jpg,healthy
data/raw/bleached/36342360524_c05af55cd7_o.jpg,bleached
data/raw/healthy/8294412702_edaf04ef7b_b.jpg,healthy
data/raw/bleached/9406240021_a65af0d829_o.jpg,bleached
data/raw/bleached/15274822310_e51574c530_o.jpg,bleached
data/raw/bleached/15258568480_5a8ac65fab_o.jpg,bleached
data/raw/healthy/23885424111_ec52086cbc_o.jpg,healthy
data/raw/healthy/37452228672_764d46339c_o.jpg,healthy
data/raw/healthy/11181998026_8f80828375_o.jpg,healthy
data/raw/bleached/22656668027_6fde0036f0_o.jpg,bleached
data/raw/healthy/9330020561_fdf140acf8_o.jpg,healthy
data/raw/healthy/3982686117_5b54dd22d9_o.jpg,healthy
data/raw/healthy/8676198199_4821cc1113_b.jpg,healthy
data/raw/healthy/15628206449_7565dbb88d_o.jpg,healthy
data/raw/healthy/5618013486_d27989889b_o.jpg,healthy
data/raw/bleached/21093258940_8bd52e2a03_o.jpg,bleached
data/raw/bleached/14953641286_0dfa4ae361_b.jpg,bleached
data/raw/healthy/7171235475_d2565c7dd9_b.jpg,healthy
data/raw/bleached/8728318610_32e8cc57f5_o.jpg,bleached
data/raw/bleached/14973523231_9ec3820e41_b.jpg,bleached
data/raw/healthy/7890651910_d1542b855d_o.jpg,healthy
data/raw/bleached/8678020760_d29bb42cca_o.jpg,bleached
data/raw/healthy/15047039759_621db18fb1_b.jpg,healthy
data/raw/bleached/23412941452_1b8351f0de_o.jpg,bleached
data/raw/healthy/44569022405_7b05d8b616_b.jpg,healthy
data/raw/healthy/5950870236_64af74c06d_o.jpg,healthy
data/raw/healthy/4862513133_173f51ea63_o.jpg,healthy
data/raw/bleached/14789930360_cc7d42402c_b.jpg,bleached
data/raw/bleached/21384866822_56597a2d0b_o.jpg,bleached
data/raw/healthy/2901229228_8354d571d9_o.jpg,healthy
data/raw/healthy/7368133328_6081a1e06c_b.jpg,healthy
data/raw/healthy/39700635665_cbb9734591_b.jpg,healthy
data/raw/bleached/14953626026_f654e62774_b.jpg,bleached
data/raw/healthy/41976880035_6c42b24706_o.jpg,healthy
data/raw/healthy/12678935155_4e7f99b5bf_b.jpg,healthy
data/raw/bleached/14450856225_4391fc43c4_b.jpg,bleached
data/raw/healthy/27694448636_4cb9ace81f_o.jpg,healthy
data/raw/healthy/1972126685_51f5d5b825_o.jpg,healthy
data/raw/healthy/14376372646_1a2a705ded_b.jpg,healthy
data/raw/healthy/26922708231_80054910b6_o.jpg,healthy
data/raw/bleached/10309615296_7805d8534c_b.jpg,bleached
data/raw/healthy/4997819967_364d2bfd89_o.jpg,healthy
data/raw/bleached/13938317528_37c28de1ed_b.jpg,bleached
data/raw/healthy/7006760766_7022c39e4d_b.jpg,healthy
data/raw/healthy/12585421735_ebb6521075_o.jpg,healthy
data/raw/bleached/5397336049_ee59bba5d0_o.jpg,bleached
data/raw/bleached/39523903804_d31b1d2af7_o.jpg,bleached
data/raw/healthy/7691994886_98385c4288_o.jpg,healthy
data/raw/healthy/4082784087_fef7dfc75c_o.jpg,healthy
data/raw/healthy/8413785183_856716732c_o.jpg,healthy
data/raw/healthy/31666952395_fcfcf9b079_o.jpg,healthy
data/raw/bleached/1381897236_7096786d92_o.jpg,bleached
data/raw/bleached/7215191230_980c8f0bc4_o.jpg,bleached
data/raw/healthy/3022783330_3f5fa1b7b2_o.jpg,healthy
data/raw/healthy/5599820830_d11528f073_o.jpg,healthy
data/raw/bleached/21371610446_a98232091b_o.jpg,bleached
data/raw/healthy/4978266205_413139655a_o.jpg,healthy
data/raw/healthy/28866711638_4f7236227c_o.jpg,healthy
data/raw/healthy/15048257100_618327846f_b.jpg,healthy
data/raw/healthy/14307809941_27b4257449_o.jpg,healthy
data/raw/healthy/6339509538_3c8e81b525_o.jpg,healthy
data/raw/bleached/40157599330_47e68204d2_o.jpg,bleached
data/raw/healthy/4853353552_662e2aed21_o.jpg,healthy
data/raw/healthy/15801689118_e036063c42_b.jpg,healthy
data/raw/healthy/8321496805_cf4350f8ac_b.jpg,healthy
data/raw/healthy/17966246223_50f9c29f65_o.jpg,healthy
data/raw/healthy/847115147_17aafa5859_b.jpg,healthy
data/raw/healthy/5418510042_e7eecef7cf_b.jpg,healthy
data/raw/bleached/5612231712_abda896122_o.jpg,bleached
data/raw/bleached/5656694075_ccd39bb487_o.jpg,bleached
data/raw/healthy/8328303058_9604d950d4_b.jpg,healthy
data/raw/healthy/8322557890_5ea6c20ef5_b.jpg,healthy
data/raw/healthy/4786967067_bea7d048f2_o.jpg,healthy
data/raw/bleached/18020028399_a77d06efbe_o.jpg,bleached
data/raw/healthy/9340174435_089eeb2c63_o.jpg,healthy
data/raw/healthy/14312866006_6e769f13f7_b.jpg,healthy
data/raw/bleached/14914233772_457be50a50_o.jpg,bleached
data/raw/bleached/4959974094_b29988f09b_o.jpg,bleached
data/raw/bleached/4755027246_47b96c64ec_o.jpg,bleached
data/raw/bleached/4674521434_9d7f58f333_o.jpg,bleached
data/raw/healthy/4569334953_e0c5be0267_o.jpg,healthy
data/raw/healthy/28866721468_7e933f1a55_o.jpg,healthy
data/raw/bleached/13938277197_44b23a6021_b.jpg,bleached
data/raw/bleached/33129929514_6e1d0ba61f_o.jpg,bleached
data/raw/bleached/28516039802_75d194f79c_o.jpg,bleached
data/raw/bleached/39950721522_8f755f7161_o.jpg,bleached
data/raw/bleached/14145016233_210d01eb5d_b.jpg,bleached
data/raw/bleached/26087696762_8f38fed697_o.jpg,bleached
data/raw/healthy/5379411267_fc71af45f5_o.jpg,healthy
data/raw/healthy/16904174205_e13633f402_b.jpg,healthy
data/raw/healthy/13690780405_4178b502e1_b.jpg,healthy
data/raw/healthy/7465120086_e31e1c3a1e_o.jpg,healthy
data/raw/bleached/5397428977_5b30a3d7a8_o.jpg,bleached
data/raw/bleached/15455078924_8a5c350711_o.jpg,bleached
data/raw/bleached/6070197472_4564469b13_o.jpg,bleached
data/raw/bleached/11263772193_b910d0037b_o.jpg,bleached
data/raw/bleached/8721512051_3d7d96ac72_o.jpg,bleached
data/raw/healthy/32512434404_0b52a0083f_o.jpg,healthy
data/raw/healthy/15198257869_084c9c0d3e_o.jpg,healthy
data/raw/healthy/4806903758_90976a1a5c_o.jpg,healthy
data/raw/bleached/7174750970_0dd3823402_o.jpg,bleached
data/raw/healthy/8913692138_782080c6e4_b.jpg,healthy
data/raw/bleached/22682754679_7095240f2f_o.jpg,bleached
data/raw/bleached/14976250812_1a6664dacd_b.jpg,bleached
data/raw/bleached/14973513881_ae1efe9e2a_b.jpg,bleached
data/raw/bleached/27066547605_be56102690_o.jpg,bleached
data/raw/bleached/30432076712_115c566096_o.jpg,bleached
data/raw/bleached/14157549490_03cdd7426c_o.jpg,bleached
data/raw/healthy/27871070167_0997538fea_o.jpg,healthy
data/raw/healthy/33812433714_0222a0719e_o.jpg,healthy
data/raw/bleached/8051295265_22ce0d102e_o.jpg,bleached
data/raw/bleached/4959196019_4f4b0ccd45_o.jpg,bleached
data/raw/healthy/26436586198_2c7a15b7ff_b.jpg,healthy
data/raw/healthy/16282304932_1ab8a7ce5e_b.jpg,healthy
data/raw/bleached/6416262147_e65c4e5c31_o.jpg,bleached
data/raw/healthy/47812522351_2fba5f0178_o.jpg,healthy
data/raw/healthy/21617926276_b4d07d7b37_o.jpg,healthy
data/raw/bleached/7008825923_b14bd7829f_o.jpg,bleached
data/raw/healthy/8322554906_0df6647328_b.jpg,healthy
data/raw/bleached/30003515585_5b6cd9da6a_o.jpg,bleached
data/raw/bleached/3117331288_862bc308cb_o.jpg,bleached
data/raw/healthy/1063594275_418daec726_b.jpg,healthy
data/raw/healthy/258220654_d6a0f5c943_b.jpg,healthy
data/raw/healthy/41701842004_27f48b75bf_o.jpg,healthy
data/raw/healthy/10472657773_a08f5c73a1_o.jpg,healthy
data/raw/healthy/5466913807_e0c734e7ae_b.jpg,healthy
data/raw/bleached/33588626560_282c6f164e_o.jpg,bleached
data/raw/healthy/39088184612_3082e80363_b.jpg,healthy
data/raw/bleached/6102472296_547b7bf30c_o.jpg,bleached
data/raw/healthy/46896201665_5f277e582b_o.jpg,healthy
data/raw/bleached/33588597750_8e47385004_o.jpg,bleached
data/raw/bleached/20818206781_fcee27a762_o.jpg,bleached
data/raw/bleached/33932503076_79a24a44bb_o.jpg,bleached
data/raw/healthy/16426224025_f750fb7e32_b.jpg,healthy
data/raw/bleached/5029269095_a326041de2_o.jpg,bleached
data/raw/healthy/10493371746_61da3099a1_o.jpg,healthy
data/raw/bleached/11333883796_e74aa9bd17_o.jpg,bleached
data/raw/healthy/9329967925_dd6a659991_o.jpg,healthy
data/raw/healthy/9332768994_299b9bcd17_o.jpg,healthy
data/raw/healthy/39938923285_bffab6b7e8_b.jpg,healthy
data/raw/bleached/4734522787_f3c1b67538_b.jpg,bleached
data/raw/healthy/14226066883_218d2fd5f8_b.jpg,healthy
data/raw/bleached/5397426965_9cf879ca94_o.jpg,bleached
data/raw/bleached/4995358229_ccf310e19c_o.jpg,bleached
data/raw/bleached/16551019618_6f631ef807_o.jpg,bleached
data/raw/bleached/26029050502_5c8f6db02d_o.jpg,bleached
data/raw/bleached/6255567194_9a0b30bd07_o.jpg,bleached
data/raw/bleached/4957295366_001c80efc5_o.jpg,bleached
data/raw/bleached/15889862378_480e08ebcf_o.jpg,bleached
data/raw/bleached/3688276697_5ee4b2e4f0_o.jpg,bleached
data/raw/healthy/22667391159_23d0fbc8a7_o.jpg,healthy
data/raw/bleached/11976060315_0d2386683a_b.jpg,bleached
data/raw/bleached/40157598040_06d21cb1eb_o.jpg,bleached
data/raw/healthy/469499083_0b873706f2_o.jpg,healthy
data/raw/bleached/36640519500_a68293d55b_o.jpg,bleached
data/raw/bleached/7704806928_d795ba19a9_o.jpg,bleached
data/raw/bleached/15890087590_4dbddacb5b_o.jpg,bleached
data/raw/healthy/6244010032_f171cce5b1_o.jpg,healthy
data/raw/bleached/22682756559_1bbd856415_o.jpg,bleached
data/raw/healthy/45822186001_e6a3c0c7a4_o.jpg,healthy
data/raw/bleached/23075042305_6a524cff4c_o.jpg,bleached
data/raw/bleached/8676846425_564fd10355_o.jpg,bleached
data/raw/bleached/14953612606_01dd03996a_b.jpg,bleached
data/raw/bleached/45435650985_499bab2836_o.jpg,bleached
data/raw/bleached/4963809687_dd5d81d6b6_o.jpg,bleached
data/raw/healthy/11181383133_411acd063f_o.jpg,healthy
data/raw/healthy/14127677210_f7c20e3f90_o.jpg,healthy
data/raw/bleached/14789906589_953fbce5bf_b.jpg,bleached
data/raw/bleached/5477123536_d1328ca814_o.jpg,bleached
data/raw/bleached/28868750612_69bac0fd99_o.jpg,bleached
data/raw/healthy/2153405539_1748371f99_o.jpg,healthy
data/raw/healthy/26199762804_0c6f332703_b.jpg,healthy
data/raw/healthy/2728506840_d92ee3778c_b.jpg,healthy
data/raw/bleached/21670405772_4b90f35474_o.jpg,bleached
data/raw/healthy/7183712189_c098189edf_b.jpg,healthy
data/raw/healthy/12440017704_068016572a_o.jpg,healthy
data/raw/bleached/16100757799_d478793c8a_o.jpg,bleached
data/raw/bleached/5476519727_9dbd0c046d_o.jpg,bleached
data/raw/bleached/14548646926_661e9ea246_o.jpg,bleached
data/raw/healthy/11335716606_517eb63e0d_b.jpg,healthy
data/raw/bleached/18206069405_acac2f12e6_o.jpg,bleached
data/raw/bleached/23075042665_aa8520ec86_o.jpg,bleached
data/raw/bleached/32394123080_c64abb4245_b.jpg,bleached
data/raw/bleached/40335373024_2618068650_b.jpg,bleached
data/raw/bleached/8728344094_936eae9c92_o.jpg,bleached
data/raw/bleached/5397427781_6609a2ea38_o.jpg,bleached
data/raw/bleached/9411103659_88528f55ca_o.jpg,bleached
data/raw/healthy/32380658771_9df8b49279_b.jpg,healthy
data/raw/healthy/2839037323_a2e2eccc93_b.jpg,healthy
data/raw/healthy/39809603602_bfc40c1f27_b.jpg,healthy
data/raw/healthy/38197101852_f8462f5876_b.jpg,healthy
data/raw/healthy/26416720126_5c687a47af_o.jpg,healthy
data/raw/bleached/2854094036_38bf3099f2_o.jpg,bleached
data/raw/healthy/8191881180_cf63529ebb_o.jpg,healthy
data/raw/bleached/28050652105_562c80e24c_o.jpg,bleached
data/raw/healthy/7356451208_bf9218c57c_b.jpg,healthy
data/raw/bleached/5397336137_982875fc1a_o.jpg,bleached
data/raw/healthy/6128743682_115e73108e_o.jpg,healthy
data/raw/bleached/6255566104_60e386a784_o.jpg,bleached
data/raw/bleached/24832028589_27ab7f1afb_o.jpg,bleached
data/raw/healthy/6951676712_586b143f4f_b.jpg,healthy
data/raw/healthy/27473012532_c1f88662bc_b.jpg,healthy
data/raw/healthy/5236473213_5bec373a9b_o.jpg,healthy
data/raw/healthy/5189042966_a2e4bfa7af_o.jpg,healthy
data/raw/bleached/5160420470_f769032510_o.jpg,bleached
data/raw/healthy/6783803016_81fc5c10bc_o.jpg,healthy
data/raw/healthy/4809459124_708941e85e_o.jpg,healthy
data/raw/bleached/40809846982_889a24fcbd_b.jpg,bleached
data/raw/healthy/6392782651_d691056a89_o.jpg,healthy
data/raw/bleached/4779169249_6695c013bd_o.jpg,bleached
data/raw/bleached/4754537945_da82573160_o.jpg,bleached
data/raw/healthy/2532808795_a3deed5cca_b.jpg,healthy
data/raw/bleached/15439279326_d9c95897d9_o.jpg,bleached
data/raw/healthy/10160888014_be7c71167c_o.jpg,healthy
data/raw/bleached/41064057611_1a3f12b71b_o.jpg,bleached
data/raw/bleached/5975859265_71954f54a2_o.jpg,bleached
data/raw/healthy/9332751514_34288a96ee_o.jpg,healthy
data/raw/bleached/4771280854_37b3cffa23_o.jpg,bleached
data/raw/healthy/4326777539_0c53ec3f83_b.jpg,healthy
data/raw/bleached/14976273702_2837d366d4_b.jpg,bleached
data/raw/healthy/6392215725_c5423df58c_o.jpg,healthy
data/raw/bleached/8727070277_6f0b470667_o.jpg,bleached
data/raw/bleached/5815918114_9a94837b24_o.jpg,bleached
data/raw/bleached/22378280290_a8c7489f86_o.jpg,bleached
data/raw/bleached/9499958430_ff6b1cba94_o.jpg,bleached
data/raw/healthy/15048176469_d1bcb75417_b.jpg,healthy
data/raw/healthy/5229595468_c41acc84e2_o.jpg,healthy
data/raw/bleached/15891590697_1de031ef13_o.jpg,bleached
data/raw/bleached/16099540620_d505d7802d_o.jpg,bleached
data/raw/healthy/23632448078_9e2b0a29cd_b.jpg,healthy
data/raw/bleached/2662551789_11257f723c_o.jpg,bleached
data/raw/healthy/46896204665_1929ced70a_o.jpg,healthy
data/raw/healthy/16491749336_f1faed4801_o.jpg,healthy
data/raw/bleached/14973523991_e995999c4a_b.jpg,bleached
data/raw/bleached/8727066599_446006418d_o.jpg,bleached
data/raw/bleached/33973729485_c96551a614_o.jpg,bleached
data/raw/healthy/11386829083_24acdc937a_b.jpg,healthy
data/raw/healthy/2568080532_2bd063709a_o.jpg,healthy
data/raw/healthy/19692855118_6c7a8bf495_o.jpg,healthy
data/raw/bleached/14633937377_cf9902548b_o.jpg,bleached
data/raw/healthy/8142339398_638101c032_o.jpg,healthy
data/raw/bleached/13754287985_5fc707aced_o.jpg,bleached
data/raw/healthy/5280704949_d08a39a7fe_o.jpg,healthy
data/raw/healthy/29248045310_893cd3c116_b.jpg,healthy
data/raw/healthy/6064175117_8c31f1fab0_o.jpg,healthy
data/raw/bleached/30007500886_8d3c5cf483_o.jpg,bleached
data/raw/bleached/5529485045_0e83ba0976_b.jpg,bleached
data/raw/bleached/28451705821_81e5e02bb1_o.jpg,bleached
data/raw/bleached/20185353413_0f8bf6c6bf_o.jpg,bleached
data/raw/bleached/5302603763_d545181121_o.jpg,bleached
data/raw/bleached/33588609230_cca22c4f5e_o.jpg,bleached
data/raw/healthy/12678410645_623fc2f1d0_b.jpg,healthy
data/raw/bleached/22682755579_2ae686be2f_o.jpg,bleached
data/raw/bleached/21210061359_7dbeee3e98_o.jpg,bleached
data/raw/healthy/12618485353_670ca1b648_o.jpg,healthy
data/raw/bleached/5303196640_8248ab50b0_o.jpg,bleached
data/raw/bleached/34386944706_7e8bebcd20_o.jpg,bleached
data/raw/bleached/3138325955_a81720c19b_o.jpg,bleached
data/raw/bleached/5398026994_8e1486aa13_o.jpg,bleached
data/raw/bleached/36231074642_89f72a0329_o.jpg,bleached
data/raw/bleached/28357165433_079a1d5d35_o.jpg,bleached
data/raw/bleached/28245767640_ffa63bbf6b_o.jpg,bleached
data/raw/bleached/4755200300_ef8f226f57_o.jpg,bleached
data/raw/healthy/9332798782_b3ca951eab_o.jpg,healthy
data/raw/bleached/24966944771_7376772635_b.jpg,bleached
data/raw/healthy/5350806836_1a3aa54bab_o.jpg,healthy
data/raw/healthy/20312733630_6f92f3f776_o.jpg,healthy
data/raw/bleached/33588598730_187e4e0abb_o.jpg,bleached
data/raw/healthy/7174136896_96817e8eaa_o.jpg,healthy
data/raw/healthy/15989047435_00921238ff_b.jpg,healthy
data/raw/healthy/6822512557_65c772e3d5_b.jpg,healthy
data/raw/healthy/7531712270_780099f800_o.jpg,healthy
data/raw/healthy/9091343059_b202f3c7a7_o.jpg,healthy
data/raw/bleached/5974390808_bc0956c2f7_b.jpg,bleached
data/raw/healthy/42740096541_84aca93b88_o.jpg,healthy
data/raw/bleached/29464086862_f90d17f870_b.jpg,bleached
data/raw/bleached/24490407035_064ed9aa67_o.jpg,bleached
data/raw/bleached/20184298293_3e0d0c5b6f_o.jpg,bleached
data/raw/healthy/10167343533_ea141f7e70_b.jpg,healthy
data/raw/bleached/8198703539_ef96ff2930_o.jpg,bleached
data/raw/bleached/33588720940_8f40949b4a_o.jpg,bleached
data/raw/healthy/2980775197_e4526a5fe0_o.jpg,healthy
data/raw/healthy/5737445273_47eb32094f_o.jpg,healthy
data/raw/healthy/12678987553_66ddc5afd9_b.jpg,healthy
data/raw/bleached/14899055185_0864fd159d_o.jpg,bleached
data/raw/bleached/14817357391_1eaab3c8a5_o.jpg,bleached
data/raw/bleached/8728204090_1ebb8e8d9f_o.jpg,bleached
data/raw/bleached/15459237241_a73bb933c6_o.jpg,bleached
